id,url,domain
1,https://www.bbc.com/zhongwen/articles/cm2d13lmd3go/simp,bbc.com
2,https://www.bbc.com/zhongwen/articles/ceq2y0d2p4vo/simp,bbc.com
3,https://www.bbc.com/zhongwen/articles/c7v1rn995gno/simp,bbc.com
4,https://www.bbc.com/zhongwen/articles/czewrl5je47o/simp,bbc.com
5,https://www.bbc.com/zhongwen/articles/cpvljgx2m17o/simp,bbc.com
6,https://www.bbc.com/zhongwen/articles/c4gq6dderyvo/simp,bbc.com
7,https://www.bbc.com/zhongwen/articles/c2knzvjez8zo/simp,bbc.com
8,https://www.bbc.com/zhongwen/articles/c2ejngmz1kzo/simp,bbc.com
9,https://www.bbc.com/zhongwen/articles/cvg9060e544o/simp,bbc.com
10,https://www.bbc.com/zhongwen/articles/c4g2ml42zzvo/simp,bbc.com
11,https://www.bbc.com/zhongwen/articles/cgrqxplvkz5o/simp,bbc.com
12,https://www.bbc.com/zhongwen/articles/cx20nxkkqk0o/simp,bbc.com
13,https://www.bbc.com/zhongwen/articles/c2knqnzx77zo/simp,bbc.com
14,https://www.bbc.com/zhongwen/articles/cwyle19j5z9o/simp,bbc.com
15,https://www.bbc.com/zhongwen/articles/cx2r433nl3jo/simp,bbc.com
16,https://www.bbc.com/zhongwen/articles/c4gz89317e4o/simp,bbc.com
17,https://www.bbc.com/zhongwen/articles/c04qdlyxx37o/simp,bbc.com
18,https://www.bbc.com/zhongwen/articles/cly6815xmn3o/simp,bbc.com
19,https://www.bbc.com/zhongwen/articles/ce842748rr6o/simp,bbc.com
20,https://www.bbc.com/zhongwen/articles/c784nw295g9o/simp,bbc.com
21,https://www.bbc.com/zhongwen/articles/ckg3l9208jdo/simp,bbc.com
22,https://www.bbc.com/zhongwen/articles/c3e7nj4n3lgo/simp,bbc.com
23,https://www.bbc.com/zhongwen/articles/cx253e8yxpeo/simp,bbc.com
24,https://www.bbc.com/zhongwen/articles/cly0qynlng5o/simp,bbc.com
25,https://www.bbc.com/zhongwen/articles/c62qv972r32o/simp,bbc.com
26,https://www.bbc.com/zhongwen/articles/cn4lwn79k00o/simp,bbc.com
27,https://www.bbc.com/zhongwen/articles/cevzxdl3rewo/simp,bbc.com
28,https://www.bbc.com/zhongwen/articles/cvgj1lq990vo/simp,bbc.com
29,https://www.bbc.com/zhongwen/articles/cy85p1ydyzeo/simp,bbc.com
30,https://www.bbc.com/zhongwen/articles/ckgzywnpepxo/simp,bbc.com
31,https://www.bbc.com/zhongwen/articles/cvgnyp5r54xo/simp,bbc.com
32,https://www.bbc.com/zhongwen/articles/clyjye58eygo/simp,bbc.com
33,https://www.bbc.com/zhongwen/articles/ce3y1qznjjgo/simp,bbc.com
34,https://www.bbc.com/zhongwen/articles/c79vzy4lx87o/simp,bbc.com
35,https://www.bbc.com/zhongwen/articles/c5y3yz34ewvo/simp,bbc.com
36,https://www.bbc.com/zhongwen/articles/cde3erl8lpdo/simp,bbc.com
37,https://www.bbc.com/zhongwen/articles/clyv43nzgypo/simp,bbc.com
38,https://www.bbc.com/zhongwen/articles/cn02wrk3w5ko/simp,bbc.com
39,https://www.bbc.com/zhongwen/articles/ckg2xl3ng2qo/simp,bbc.com
40,https://www.bbc.com/zhongwen/articles/cvg8l7qn77yo/simp,bbc.com
41,https://www.bbc.com/zhongwen/articles/cg41510777no/simp,bbc.com
42,https://www.bbc.com/zhongwen/articles/c2kvxv275l2o/simp,bbc.com
43,https://www.bbc.com/zhongwen/articles/c24qnqyr864o/simp,bbc.com
44,https://www.bbc.com/zhongwen/articles/cn7xrv2ezn5o/simp,bbc.com
45,https://www.bbc.com/zhongwen/articles/c62gzz5rrgyo/simp,bbc.com
46,https://www.bbc.com/zhongwen/articles/cvg7502x7r0o/simp,bbc.com
47,https://www.bbc.com/zhongwen/articles/c5y4x8exx45o/simp,bbc.com
48,https://www.bbc.com/zhongwen/articles/cx2wnvl7jlro/simp,bbc.com
49,https://www.bbc.com/zhongwen/articles/cjwv08gwjp5o/simp,bbc.com
50,https://www.bbc.com/zhongwen/articles/c5y6g77305wo/simp,bbc.com
51,https://www.bbc.com/zhongwen/articles/c4g2z8vlr2yo/simp,bbc.com
52,https://www.bbc.com/zhongwen/articles/c74z9gmnvlgo/simp,bbc.com
53,https://www.bbc.com/zhongwen/articles/cq5w225gj5eo/simp,bbc.com
54,https://www.bbc.com/zhongwen/articles/cn80g5eyj7vo/simp,bbc.com
55,https://www.bbc.com/zhongwen/articles/c2lz9nq7eneo/simp,bbc.com
56,https://www.bbc.com/zhongwen/articles/c8epl0n1xxxo/simp,bbc.com
57,https://www.bbc.com/zhongwen/articles/c9qwv88nwl3o/simp,bbc.com
58,https://www.bbc.com/zhongwen/articles/c8rgd3py2m5o/simp,bbc.com
59,https://www.bbc.com/zhongwen/articles/c1jxdz6l06wo/simp,bbc.com
60,https://www.bbc.com/zhongwen/articles/cly6ev80j27o/simp,bbc.com
61,https://www.bbc.com/zhongwen/articles/c62x5g85e1lo/simp,bbc.com
62,https://www.bbc.com/zhongwen/articles/cx265g0j298o/simp,bbc.com
63,https://www.bbc.com/zhongwen/articles/cm25n3gv4mlo/simp,bbc.com
64,https://www.bbc.com/zhongwen/articles/c2ewdl8nx4no/simp,bbc.com
65,https://www.bbc.com/zhongwen/articles/cn8v7eyp7n5o/simp,bbc.com
66,https://www.bbc.com/zhongwen/articles/cg707rr78mmo/simp,bbc.com
67,https://www.bbc.com/zhongwen/articles/cly2gndny41o/simp,bbc.com
68,https://www.bbc.com/zhongwen/articles/c1mndjjkp9yo/simp,bbc.com
69,https://www.bbc.com/zhongwen/articles/c625p0exzp7o/simp,bbc.com
70,https://www.bbc.com/zhongwen/articles/clyrm9pjmlmo/simp,bbc.com
71,https://www.bbc.com/zhongwen/articles/crmjy40wnggo/simp,bbc.com
72,https://www.bbc.com/zhongwen/articles/c78eg7pxjx0o/simp,bbc.com
73,https://www.bbc.com/zhongwen/articles/clyje3yn287o/simp,bbc.com
74,https://www.bbc.com/zhongwen/articles/cwyndy8jjyxo/simp,bbc.com
75,https://www.bbc.com/zhongwen/articles/cy4lej5ep15o/simp,bbc.com
76,https://www.bbc.com/zhongwen/articles/cr42kpwgzyqo/simp,bbc.com
77,https://www.bbc.com/zhongwen/articles/cr42e6kkgd5o/simp,bbc.com
78,https://www.bbc.com/zhongwen/articles/cvg9ge8xq3jo/simp,bbc.com
79,https://www.bbc.com/zhongwen/articles/cp3z3dzgx1ro/simp,bbc.com
80,https://www.bbc.com/zhongwen/articles/cn8g06e49geo/simp,bbc.com
81,https://www.bbc.com/zhongwen/articles/cy4p97059vvo/simp,bbc.com
82,https://www.bbc.com/zhongwen/articles/cx2v7y2gx05o/simp,bbc.com
83,https://www.bbc.com/zhongwen/articles/c3e3gp8341po/simp,bbc.com
84,https://www.bbc.com/zhongwen/articles/cgrweqze7x5o/simp,bbc.com
85,https://www.bbc.com/zhongwen/articles/ckg9r35nk72o/simp,bbc.com
86,https://www.bbc.com/zhongwen/articles/ce3l6e9z6zdo/simp,bbc.com
87,https://www.bbc.com/zhongwen/articles/cly40yjq8w4o/simp,bbc.com
88,https://www.bbc.com/zhongwen/articles/cdek81k2x79o/simp,bbc.com
89,https://www.bbc.com/zhongwen/articles/c4gp131xgxpo/simp,bbc.com
90,https://www.bbc.com/zhongwen/articles/c1wqxqjgy29o/simp,bbc.com
91,https://www.bbc.com/zhongwen/articles/crl3ydjrleyo/simp,bbc.com
92,https://www.bbc.com/zhongwen/articles/c20nvgel1p4o/simp,bbc.com
93,https://www.bbc.com/zhongwen/articles/cx27v3e82pqo/simp,bbc.com
94,https://www.bbc.com/zhongwen/articles/crl379w6449o/simp,bbc.com
95,https://www.bbc.com/zhongwen/articles/c0q0yk45d50o/simp,bbc.com
96,https://www.bbc.com/zhongwen/articles/czx5ed053ngo/simp,bbc.com
97,https://www.bbc.com/zhongwen/articles/c4glyn7dr9do/simp,bbc.com
98,https://www.bbc.com/zhongwen/articles/c3vryq91x7wo/simp,bbc.com
99,https://www.bbc.com/zhongwen/articles/cvgpzz748g2o/simp,bbc.com
100,https://www.bbc.com/zhongwen/articles/cewxq4p7xzro/simp,bbc.com
101,https://www.bbc.com/zhongwen/articles/ckgx0rxgnxlo/simp,bbc.com
102,https://www.bbc.com/zhongwen/articles/crmnp990px7o/simp,bbc.com
103,https://www.bbc.com/zhongwen/articles/ce90p70ye3lo/simp,bbc.com
104,https://www.bbc.com/zhongwen/articles/cd75pwnj909o/simp,bbc.com
105,https://www.bbc.com/zhongwen/articles/c4gz8de0pqxo/simp,bbc.com
106,https://www.bbc.com/zhongwen/articles/c3rq2xn1yjeo/simp,bbc.com
107,https://www.bbc.com/zhongwen/articles/czx54g1xr23o/simp,bbc.com
108,https://www.bbc.com/zhongwen/articles/cx2yrnl7r1lo/simp,bbc.com
109,https://www.bbc.com/zhongwen/articles/c24n68j5243o/simp,bbc.com
110,https://www.bbc.com/zhongwen/articles/cz0r80kjn10o/simp,bbc.com
111,https://www.bbc.com/zhongwen/articles/c9wldpn7qxgo/simp,bbc.com
112,https://www.bbc.com/zhongwen/articles/cge92qnd301o/simp,bbc.com
113,https://www.bbc.com/zhongwen/articles/cwyp0np7k9ko/simp,bbc.com
114,https://www.bbc.com/zhongwen/articles/c20en313eyqo/simp,bbc.com
115,https://www.bbc.com/zhongwen/articles/c05zdnl5714o/simp,bbc.com
116,https://www.bbc.com/zhongwen/articles/cx2ne295de5o/simp,bbc.com
117,https://www.bbc.com/zhongwen/articles/clyvllv6y61o/simp,bbc.com
118,https://www.bbc.com/zhongwen/articles/cr5mv9ygp4go/simp,bbc.com
119,https://www.bbc.com/zhongwen/articles/ckgz6px9dk1o/simp,bbc.com
120,https://www.bbc.com/zhongwen/simp/business-69440872,bbc.com
121,https://www.bbc.com/zhongwen/simp/chinese-news-69440666,bbc.com
122,https://www.bbc.com/zhongwen/simp/business-69438203,bbc.com
123,https://www.bbc.com/zhongwen/simp/chinese-news-69338118,bbc.com
124,https://www.bbc.com/zhongwen/simp/world-69434238,bbc.com
125,https://www.bbc.com/zhongwen/simp/world-69424954,bbc.com
126,https://www.bbc.com/zhongwen/simp/chinese-news-69424540,bbc.com
127,https://www.bbc.com/zhongwen/simp/chinese-news-69424525,bbc.com
128,https://www.bbc.com/zhongwen/simp/world-69425020,bbc.com
129,https://www.bbc.com/zhongwen/simp/chinese-news-69422626,bbc.com
130,https://www.bbc.com/zhongwen/simp/chinese-news-69420923,bbc.com
131,https://www.bbc.com/zhongwen/simp/chinese-news-69417409,bbc.com
132,https://www.bbc.com/zhongwen/simp/chinese-news-69418037,bbc.com
133,https://www.bbc.com/zhongwen/simp/chinese-news-69414272,bbc.com
134,https://www.bbc.com/zhongwen/simp/chinese-news-69415519,bbc.com
135,https://www.bbc.com/zhongwen/simp/chinese-news-69414957,bbc.com
136,https://www.bbc.com/zhongwen/simp/chinese-news-69414558,bbc.com
137,https://www.bbc.com/zhongwen/simp/chinese-news-69406021,bbc.com
138,https://www.bbc.com/zhongwen/simp/business-69406315,bbc.com
139,https://www.bbc.com/zhongwen/simp/chinese-news-69401316,bbc.com
140,https://www.bbc.com/zhongwen/simp/world-69398676,bbc.com
141,https://www.bbc.com/zhongwen/simp/chinese-news-69401956,bbc.com
142,https://www.bbc.com/zhongwen/simp/chinese-news-69401201,bbc.com
143,https://www.bbc.com/zhongwen/simp/world-69398262,bbc.com
144,https://www.bbc.com/zhongwen/simp/chinese-news-69371074,bbc.com
145,https://www.bbc.com/zhongwen/simp/world-69372482,bbc.com
146,https://www.bbc.com/zhongwen/simp/chinese-news-69369904,bbc.com
147,https://www.bbc.com/zhongwen/simp/chinese-news-69368138,bbc.com
148,https://www.bbc.com/zhongwen/simp/business-69358791,bbc.com
149,https://www.bbc.com/zhongwen/simp/chinese-news-69358870,bbc.com
150,https://www.bbc.com/zhongwen/simp/chinese-news-69355831,bbc.com
151,https://www.bbc.com/zhongwen/simp/chinese-news-69348483,bbc.com
152,https://www.bbc.com/zhongwen/simp/chinese-news-69355770,bbc.com
153,https://www.bbc.com/zhongwen/simp/business-69334405,bbc.com
154,https://www.bbc.com/zhongwen/simp/world-69353219,bbc.com
155,https://www.bbc.com/zhongwen/simp/business-69350467,bbc.com
156,https://www.bbc.com/zhongwen/simp/world-59073975,bbc.com
157,https://www.bbc.com/zhongwen/simp/chinese-news-69348533,bbc.com
158,https://www.bbc.com/zhongwen/simp/chinese-news-69348679,bbc.com
159,https://www.bbc.com/zhongwen/simp/world-69346422,bbc.com
160,https://www.bbc.com/zhongwen/simp/chinese-news-69332015,bbc.com
161,https://www.bbc.com/zhongwen/simp/chinese-news-69343552,bbc.com
162,https://www.bbc.com/zhongwen/simp/chinese-news-69344658,bbc.com
163,https://www.bbc.com/zhongwen/simp/world-69341889,bbc.com
164,https://www.bbc.com/zhongwen/simp/chinese-news-69341701,bbc.com
165,https://www.bbc.com/zhongwen/simp/business-69339325,bbc.com
166,https://www.bbc.com/zhongwen/simp/business-69334348,bbc.com
167,https://www.bbc.com/zhongwen/simp/chinese-news-69332013,bbc.com
168,https://www.bbc.com/zhongwen/simp/uk-69331434,bbc.com
169,https://www.bbc.com/zhongwen/simp/world-69330429,bbc.com
170,https://www.bbc.com/zhongwen/simp/chinese-news-69325927,bbc.com
171,https://www.bbc.com/zhongwen/simp/world-69324800,bbc.com
172,https://www.bbc.com/zhongwen/simp/world-69322560,bbc.com
173,https://www.bbc.com/zhongwen/simp/world-69320228,bbc.com
174,https://www.bbc.com/zhongwen/simp/chinese-news-68250302,bbc.com
175,https://www.bbc.com/zhongwen/simp/world-68248390,bbc.com
176,https://www.bbc.com/zhongwen/simp/chinese-news-68179105,bbc.com
177,https://www.bbc.com/zhongwen/simp/world-68237520,bbc.com
178,https://www.bbc.com/zhongwen/simp/world-68236817,bbc.com
179,https://www.bbc.com/zhongwen/simp/world-68226735,bbc.com
180,https://www.bbc.com/zhongwen/simp/world-68226055,bbc.com
181,https://www.bbc.com/zhongwen/simp/business-68224953,bbc.com
182,https://www.bbc.com/zhongwen/simp/chinese-news-68201488,bbc.com
183,https://www.bbc.com/zhongwen/simp/uk-68215270,bbc.com
184,https://www.bbc.com/zhongwen/simp/world-68201825,bbc.com
185,https://www.bbc.com/zhongwen/simp/uk-68211518,bbc.com
186,https://www.bbc.com/zhongwen/simp/business-68201487,bbc.com
187,https://www.bbc.com/zhongwen/simp/chinese-news-68201824,bbc.com
188,https://www.bbc.com/zhongwen/simp/chinese-news-68201486,bbc.com
189,https://www.bbc.com/zhongwen/simp/business-68163350,bbc.com
190,https://www.bbc.com/zhongwen/simp/chinese-news-68178385,bbc.com
191,https://www.bbc.com/zhongwen/simp/chinese-news-68166246,bbc.com
192,https://www.bbc.com/zhongwen/simp/world-68165834,bbc.com
193,https://www.bbc.com/zhongwen/simp/chinese-news-68166404,bbc.com
194,https://www.bbc.com/zhongwen/simp/world-68165058,bbc.com
195,https://www.bbc.com/zhongwen/simp/world-68164018,bbc.com
196,https://www.bbc.com/zhongwen/simp/business-68153559,bbc.com
197,https://www.bbc.com/zhongwen/simp/chinese-news-68151137,bbc.com
198,https://www.bbc.com/zhongwen/simp/world-68151077,bbc.com
199,https://www.bbc.com/zhongwen/simp/chinese-news-68142687,bbc.com
200,https://www.bbc.com/zhongwen/simp/chinese-news-68137390,bbc.com
201,https://www.bbc.com/zhongwen/simp/chinese-news-67387061,bbc.com
202,https://www.bbc.com/zhongwen/simp/world-68126367,bbc.com
203,https://www.bbc.com/zhongwen/simp/chinese-news-68126005,bbc.com
204,https://www.bbc.com/zhongwen/simp/chinese-news-68092221,bbc.com
205,https://www.bbc.com/zhongwen/simp/world-68121588,bbc.com
206,https://www.bbc.com/zhongwen/simp/science-68103756,bbc.com
207,https://www.bbc.com/zhongwen/simp/world-68103023,bbc.com
208,https://www.bbc.com/zhongwen/simp/chinese-news-68091329,bbc.com
209,https://www.bbc.com/zhongwen/simp/world-68092524,bbc.com
210,https://www.bbc.com/zhongwen/simp/chinese-news-68090861,bbc.com
211,https://www.bbc.com/zhongwen/simp/world-68090660,bbc.com
212,https://www.bbc.com/zhongwen/simp/world-68081663,bbc.com
213,https://www.bbc.com/zhongwen/simp/world-68065543,bbc.com
214,https://www.bbc.com/zhongwen/simp/business-68046635,bbc.com
215,https://www.bbc.com/zhongwen/simp/world-68046541,bbc.com
216,https://www.bbc.com/zhongwen/simp/chinese-news-68017070,bbc.com
217,https://www.bbc.com/zhongwen/simp/world-68003668,bbc.com
218,https://www.bbc.com/zhongwen/simp/business-68002869,bbc.com
219,https://www.bbc.com/zhongwen/simp/chinese-news-67980534,bbc.com
220,https://www.bbc.com/zhongwen/simp/chinese-news-67979964,bbc.com
221,https://www.bbc.com/zhongwen/simp/chinese-news-67978429,bbc.com
222,https://www.bbc.com/zhongwen/simp/chinese-news-67973916,bbc.com
223,https://www.bbc.com/zhongwen/simp/chinese-news-67973602,bbc.com
224,https://www.bbc.com/zhongwen/simp/chinese-news-67971619,bbc.com
225,https://www.bbc.com/zhongwen/simp/chinese-news-67967444,bbc.com
226,https://www.bbc.com/zhongwen/simp/chinese-news-67955957,bbc.com
227,https://www.bbc.com/zhongwen/simp/chinese-news-67920961,bbc.com
228,https://www.bbc.com/zhongwen/simp/chinese-news-67944245,bbc.com
229,https://www.bbc.com/zhongwen/simp/chinese-news-67943457,bbc.com
230,https://www.bbc.com/zhongwen/simp/chinese-news-67943945,bbc.com
231,https://www.bbc.com/zhongwen/simp/chinese-news-67920959,bbc.com
232,https://www.bbc.com/zhongwen/simp/chinese-news-67931624,bbc.com
233,https://www.bbc.com/zhongwen/simp/chinese-news-67931560,bbc.com
234,https://www.bbc.com/zhongwen/simp/world-67920615,bbc.com
235,https://www.bbc.com/zhongwen/simp/chinese-news-67920958,bbc.com
236,https://www.bbc.com/zhongwen/simp/world-67870969,bbc.com
237,https://www.bbc.com/zhongwen/simp/chinese-news-67891451,bbc.com
238,https://www.bbc.com/zhongwen/simp/chinese-news-67901378,bbc.com
239,https://www.bbc.com/zhongwen/simp/chinese-news-67881163,bbc.com
240,https://www.bbc.com/zhongwen/simp/chinese-news-67870084,bbc.com
241,https://www.bbc.com/zhongwen/simp/chinese-news-67855379,bbc.com
242,https://www.bbc.com/zhongwen/simp/chinese-news-67851832,bbc.com
243,https://www.bbc.com/zhongwen/simp/chinese-news-67839885,bbc.com
244,https://www.bbc.com/zhongwen/simp/chinese-news-67832273,bbc.com
245,https://www.bbc.com/zhongwen/simp/chinese-news-63909666,bbc.com
246,https://www.bbc.com/zhongwen/simp/world-67821442,bbc.com
247,https://www.bbc.com/zhongwen/simp/chinese-news-67821449,bbc.com
248,https://www.bbc.com/zhongwen/simp/chinese-news-67801387,bbc.com
249,https://www.bbc.com/zhongwen/simp/chinese-news-67819110,bbc.com
250,https://www.bbc.com/zhongwen/simp/chinese-news-67818785,bbc.com
251,https://www.bbc.com/zhongwen/simp/chinese-news-67814954,bbc.com
252,https://www.bbc.com/zhongwen/simp/chinese-news-67785928,bbc.com
253,https://www.bbc.com/zhongwen/simp/world-67783611,bbc.com
254,https://www.bbc.com/zhongwen/simp/chinese-news-67771606,bbc.com
255,https://www.bbc.com/zhongwen/simp/chinese-news-67738578,bbc.com
256,https://www.bbc.com/zhongwen/simp/chinese-news-67758109,bbc.com
257,https://www.bbc.com/zhongwen/simp/business-67769505,bbc.com
258,https://www.bbc.com/zhongwen/simp/chinese-news-67758745,bbc.com
259,https://www.bbc.com/zhongwen/simp/world-67748093,bbc.com
260,https://www.bbc.com/zhongwen/simp/chinese-news-67746297,bbc.com
261,https://www.bbc.com/zhongwen/simp/chinese-news-67740951,bbc.com
262,https://www.bbc.com/zhongwen/simp/chinese-news-67726907,bbc.com
263,https://www.bbc.com/zhongwen/simp/chinese-news-67727009,bbc.com
264,https://www.bbc.com/zhongwen/simp/chinese-news-67725160,bbc.com
265,https://www.bbc.com/zhongwen/simp/world-67712617,bbc.com
266,https://www.bbc.com/zhongwen/simp/chinese-news-67678590,bbc.com
267,https://www.bbc.com/zhongwen/simp/world-67690432,bbc.com
268,https://www.bbc.com/zhongwen/simp/chinese-news-67656724,bbc.com
269,https://www.bbc.com/zhongwen/simp/world-67689132,bbc.com
270,https://www.bbc.com/zhongwen/simp/science-67679467,bbc.com
271,https://www.bbc.com/zhongwen/simp/chinese-news-67679567,bbc.com
272,https://www.bbc.com/zhongwen/simp/chinese-news-59358814,bbc.com
273,https://www.bbc.com/zhongwen/simp/chinese-news-67656906,bbc.com
274,https://www.bbc.com/zhongwen/simp/chinese-news-67674691,bbc.com
275,https://www.bbc.com/zhongwen/simp/world-67668847,bbc.com
276,https://www.bbc.com/zhongwen/simp/chinese-news-67660504,bbc.com
277,https://www.bbc.com/zhongwen/simp/world-67657248,bbc.com
278,https://www.bbc.com/zhongwen/simp/chinese-news-67657024,bbc.com
279,https://www.bbc.com/zhongwen/simp/chinese-news-67656870,bbc.com
280,https://www.bbc.com/zhongwen/simp/world-67648284,bbc.com
281,https://www.bbc.com/zhongwen/simp/world-67645355,bbc.com
282,https://www.bbc.com/zhongwen/simp/world-67645332,bbc.com
283,https://www.bbc.com/zhongwen/simp/world-67634836,bbc.com
284,https://www.bbc.com/zhongwen/simp/world-67634835,bbc.com
285,https://www.bbc.com/zhongwen/simp/world-67623604,bbc.com
286,https://www.bbc.com/zhongwen/simp/chinese-news-67633594,bbc.com
287,https://www.bbc.com/zhongwen/simp/business-67623499,bbc.com
288,https://www.bbc.com/zhongwen/simp/science-67616075,bbc.com
289,https://www.bbc.com/zhongwen/simp/chinese-news-67611437,bbc.com
290,https://www.bbc.com/zhongwen/simp/chinese-news-67598929,bbc.com
291,https://www.bbc.com/zhongwen/simp/chinese-news-67587396,bbc.com
292,https://www.bbc.com/zhongwen/simp/chinese-news-66945816,bbc.com
293,https://www.bbc.com/zhongwen/simp/chinese-news-67506776,bbc.com
294,https://www.bbc.com/zhongwen/simp/chinese-news-67564049,bbc.com
295,https://www.bbc.com/zhongwen/simp/world-67576733,bbc.com
296,https://www.bbc.com/zhongwen/simp/science-67564069,bbc.com
297,https://www.bbc.com/zhongwen/simp/chinese-news-67563206,bbc.com
298,https://www.bbc.com/zhongwen/simp/world-67541318,bbc.com
299,https://www.bbc.com/zhongwen/simp/chinese-news-67535278,bbc.com
300,https://www.bbc.com/zhongwen/simp/chinese-news-67529828,bbc.com
301,https://www.bbc.com/zhongwen/simp/world-67529736,bbc.com
302,https://www.bbc.com/zhongwen/simp/press-review-67526672,bbc.com
303,https://www.bbc.com/zhongwen/simp/chinese-news-67523083,bbc.com
304,https://www.bbc.com/zhongwen/simp/world-67522692,bbc.com
305,https://www.bbc.com/zhongwen/simp/chinese-news-67518235,bbc.com
306,https://www.bbc.com/zhongwen/simp/world-67517872,bbc.com
307,https://www.bbc.com/zhongwen/simp/world-67507352,bbc.com
308,https://www.bbc.com/zhongwen/simp/chinese-news-67506180,bbc.com
309,https://www.bbc.com/zhongwen/simp/business-67484587,bbc.com
310,https://www.bbc.com/zhongwen/simp/world-67496077,bbc.com
311,https://www.bbc.com/zhongwen/simp/chinese-news-67505370,bbc.com
312,https://www.bbc.com/zhongwen/simp/world-67494695,bbc.com
313,https://www.bbc.com/zhongwen/simp/chinese-news-67495570,bbc.com
314,https://www.bbc.com/zhongwen/simp/uk-67494718,bbc.com
315,https://www.bbc.com/zhongwen/simp/chinese-news-67485001,bbc.com
316,https://www.bbc.com/zhongwen/simp/world-67471245,bbc.com
317,https://www.bbc.com/zhongwen/simp/chinese-news-67482759,bbc.com
318,https://www.bbc.com/zhongwen/simp/world-67483514,bbc.com
319,https://www.bbc.com/zhongwen/simp/world-67483032,bbc.com
320,https://www.bbc.com/zhongwen/simp/chinese-news-67481192,bbc.com
321,https://www.bbc.com/zhongwen/simp/chinese-news-67472534,bbc.com
322,https://www.bbc.com/zhongwen/simp/world-67471770,bbc.com
323,https://www.bbc.com/zhongwen/simp/chinese-news-67471281,bbc.com
324,https://www.bbc.com/zhongwen/simp/chinese-news-67413849,bbc.com
325,https://www.bbc.com/zhongwen/simp/chinese-news-67448293,bbc.com
326,https://www.bbc.com/zhongwen/simp/world-67466366,bbc.com
327,https://www.bbc.com/zhongwen/simp/chinese-news-67461877,bbc.com
328,https://www.bbc.com/zhongwen/simp/press-review-67447513,bbc.com
329,https://www.bbc.com/zhongwen/simp/world-67448823,bbc.com
330,https://www.bbc.com/zhongwen/simp/science-67423657,bbc.com
331,https://www.bbc.com/zhongwen/simp/world-67435527,bbc.com
332,https://www.bbc.com/zhongwen/simp/world-67436364,bbc.com
333,https://www.bbc.com/zhongwen/simp/business-67427385,bbc.com
334,https://www.bbc.com/zhongwen/simp/uk-67420989,bbc.com
335,https://www.bbc.com/zhongwen/simp/world-67412083,bbc.com
336,https://www.bbc.com/zhongwen/simp/world-67402230,bbc.com
337,https://www.bbc.com/zhongwen/simp/world-67395236,bbc.com
338,https://www.bbc.com/zhongwen/simp/world-67389113,bbc.com
339,https://www.bbc.com/zhongwen/simp/chinese-news-67389112,bbc.com
340,https://www.bbc.com/zhongwen/simp/world-67378364,bbc.com
341,https://www.bbc.com/zhongwen/simp/world-67377406,bbc.com
342,https://www.bbc.com/zhongwen/simp/world-67367565,bbc.com
343,https://www.bbc.com/zhongwen/simp/world-67366864,bbc.com
344,https://www.bbc.com/zhongwen/simp/world-67366175,bbc.com
345,https://www.bbc.com/zhongwen/simp/chinese-news-67365811,bbc.com
346,https://www.bbc.com/zhongwen/simp/chinese-news-67358792,bbc.com
347,https://www.bbc.com/zhongwen/simp/chinese-news-67355289,bbc.com
348,https://www.bbc.com/zhongwen/simp/world-67354401,bbc.com
349,https://www.bbc.com/zhongwen/simp/chinese-news-67342990,bbc.com
350,https://www.bbc.com/zhongwen/simp/science-67343812,bbc.com
351,https://www.bbc.com/zhongwen/simp/chinese-news-67342734,bbc.com
352,https://www.bbc.com/zhongwen/simp/world-67331518,bbc.com
353,https://www.bbc.com/zhongwen/simp/world-67320005,bbc.com
354,https://www.bbc.com/zhongwen/simp/chinese-news-67307928,bbc.com
355,https://www.bbc.com/zhongwen/simp/world-67306980,bbc.com
356,https://www.bbc.com/zhongwen/simp/world-67305986,bbc.com
357,https://www.bbc.com/zhongwen/simp/chinese-news-67295435,bbc.com
358,https://www.bbc.com/zhongwen/simp/science-67295269,bbc.com
359,https://www.bbc.com/zhongwen/simp/world-67299199,bbc.com
360,https://www.bbc.com/zhongwen/simp/chinese-news-67294320,bbc.com
361,https://www.bbc.com/zhongwen/simp/sports-67284324,bbc.com
362,https://www.bbc.com/zhongwen/simp/chinese-news-67283633,bbc.com
363,https://www.bbc.com/zhongwen/simp/chinese-news-67285010,bbc.com
364,https://www.bbc.com/zhongwen/simp/chinese-news-67282625,bbc.com
365,https://www.bbc.com/zhongwen/simp/world-67283099,bbc.com
366,https://www.bbc.com/zhongwen/simp/chinese-news-67283168,bbc.com
367,https://www.bbc.com/zhongwen/simp/chinese-news-67272053,bbc.com
368,https://www.bbc.com/zhongwen/simp/world-67253700,bbc.com
369,https://www.bbc.com/zhongwen/simp/world-67248113,bbc.com
370,https://www.bbc.com/zhongwen/simp/chinese-news-67239754,bbc.com
371,https://www.bbc.com/zhongwen/simp/chinese-news-67240396,bbc.com
372,https://www.bbc.com/zhongwen/simp/world-67236941,bbc.com
373,https://www.bbc.com/zhongwen/simp/chinese-news-67227941,bbc.com
374,https://www.bbc.com/zhongwen/simp/chinese-news-67203607,bbc.com
375,https://www.bbc.com/zhongwen/simp/world-67227461,bbc.com
376,https://www.bbc.com/zhongwen/simp/world-67224826,bbc.com
377,https://www.bbc.com/zhongwen/simp/chinese-news-67213407,bbc.com
378,https://www.bbc.com/zhongwen/simp/world-67213573,bbc.com
379,https://www.bbc.com/zhongwen/simp/67214611,bbc.com
380,https://www.bbc.com/zhongwen/simp/chinese-news-67203267,bbc.com
381,https://www.bbc.com/zhongwen/simp/world-67203605,bbc.com
382,https://www.bbc.com/zhongwen/simp/world-67194463,bbc.com
383,https://www.bbc.com/zhongwen/simp/chinese-news-67193077,bbc.com
384,https://www.bbc.com/zhongwen/simp/world-67185884,bbc.com
385,https://www.bbc.com/zhongwen/simp/world-67119497,bbc.com
386,https://www.bbc.com/zhongwen/simp/world-67180333,bbc.com
387,https://www.bbc.com/zhongwen/simp/world-67166368,bbc.com
388,https://www.bbc.com/zhongwen/simp/chinese-news-67167079,bbc.com
389,https://www.bbc.com/zhongwen/simp/world-67154679,bbc.com
390,https://www.bbc.com/zhongwen/simp/chinese-news-67142359,bbc.com
391,https://www.bbc.com/zhongwen/simp/world-67143617,bbc.com
392,https://www.bbc.com/zhongwen/simp/chinese-news-67084358,bbc.com
393,https://www.bbc.com/zhongwen/simp/world-67130903,bbc.com
394,https://www.bbc.com/zhongwen/simp/chinese-news-67125033,bbc.com
395,https://www.bbc.com/zhongwen/simp/chinese-news-67119498,bbc.com
396,https://www.bbc.com/zhongwen/simp/world-67116189,bbc.com
397,https://www.bbc.com/zhongwen/simp/uk-67115434,bbc.com
398,https://www.bbc.com/zhongwen/simp/world-67098356,bbc.com
399,https://www.bbc.com/zhongwen/simp/world-67026076,bbc.com
400,https://www.bbc.com/zhongwen/simp/world-67075747,bbc.com
401,https://www.bbc.com/zhongwen/simp/chinese-news-67075738,bbc.com
402,https://www.bbc.com/zhongwen/simp/world-66774220,bbc.com
403,https://www.bbc.com/zhongwen/simp/business-67045971,bbc.com
404,https://www.bbc.com/zhongwen/simp/world-67045776,bbc.com
405,https://www.bbc.com/zhongwen/simp/science-67033656,bbc.com
406,https://www.bbc.com/zhongwen/simp/world-67038483,bbc.com
407,https://www.bbc.com/zhongwen/simp/chinese-news-67014752,bbc.com
408,https://www.bbc.com/zhongwen/simp/chinese-news-66934274,bbc.com
409,https://www.bbc.com/zhongwen/simp/science-66992907,bbc.com
410,https://www.bbc.com/zhongwen/simp/business-66981660,bbc.com
411,https://www.bbc.com/zhongwen/simp/chinese-news-66958389,bbc.com
412,https://www.bbc.com/zhongwen/simp/world-66933975,bbc.com
413,https://www.bbc.com/zhongwen/simp/world-66934140,bbc.com
414,https://www.bbc.com/zhongwen/simp/world-66904823,bbc.com
415,https://www.bbc.com/zhongwen/simp/world-66887566,bbc.com
416,https://www.bbc.com/zhongwen/simp/chinese-news-66739246,bbc.com
417,https://www.bbc.com/zhongwen/simp/chinese-news-66875702,bbc.com
418,https://www.bbc.com/zhongwen/simp/chinese-news-66818054,bbc.com
419,https://www.bbc.com/zhongwen/simp/chinese-news-66806639,bbc.com
420,https://www.bbc.com/zhongwen/simp/chinese-news-66805606,bbc.com
421,https://www.bbc.com/zhongwen/simp/chinese-news-66762882,bbc.com
422,https://www.bbc.com/zhongwen/simp/chinese-news-66762219,bbc.com
423,https://www.bbc.com/zhongwen/simp/chinese-news-66690166,bbc.com
424,https://www.bbc.com/zhongwen/simp/world-66684009,bbc.com
425,https://www.bbc.com/zhongwen/simp/world-66682015,bbc.com
426,https://www.bbc.com/zhongwen/simp/world-66681150,bbc.com
427,https://www.bbc.com/zhongwen/simp/chinese-news-66672053,bbc.com
428,https://www.bbc.com/zhongwen/simp/world-66672390,bbc.com
429,https://www.bbc.com/zhongwen/simp/business-66668559,bbc.com
430,https://www.bbc.com/zhongwen/simp/world-66662337,bbc.com
431,https://www.bbc.com/zhongwen/simp/uk-66658143,bbc.com
432,https://www.bbc.com/zhongwen/simp/chinese-news-66657785,bbc.com
433,https://www.bbc.com/zhongwen/simp/world-66646501,bbc.com
434,https://www.bbc.com/zhongwen/simp/world-66646395,bbc.com
435,https://www.bbc.com/zhongwen/simp/world-66644949,bbc.com
436,https://www.bbc.com/zhongwen/simp/chinese-news-66640127,bbc.com
437,https://www.bbc.com/zhongwen/simp/chinese-news-66637365,bbc.com
438,https://www.bbc.com/zhongwen/simp/business-66638632,bbc.com
439,https://www.bbc.com/zhongwen/simp/world-66637564,bbc.com
440,https://www.bbc.com/zhongwen/simp/chinese-news-66637850,bbc.com
441,https://www.bbc.com/zhongwen/simp/world-66625999,bbc.com
442,https://www.bbc.com/zhongwen/simp/66625849,bbc.com
443,https://www.bbc.com/zhongwen/simp/press-review-66612823,bbc.com
444,https://www.bbc.com/zhongwen/simp/chinese-news-66615546,bbc.com
445,https://www.bbc.com/zhongwen/simp/chinese-news-66616235,bbc.com
446,https://www.bbc.com/zhongwen/simp/world-66602213,bbc.com
447,https://www.bbc.com/zhongwen/simp/chinese-news-66613028,bbc.com
448,https://www.bbc.com/zhongwen/simp/chinese-news-66602376,bbc.com
449,https://www.bbc.com/zhongwen/simp/world-66602212,bbc.com
450,https://www.bbc.com/zhongwen/simp/chinese-news-66568062,bbc.com
451,https://www.bbc.com/zhongwen/simp/chinese-news-66591468,bbc.com
452,https://www.bbc.com/zhongwen/simp/world-66579103,bbc.com
453,https://www.bbc.com/zhongwen/simp/world-66582337,bbc.com
454,https://www.bbc.com/zhongwen/simp/world-66582061,bbc.com
455,https://www.bbc.com/zhongwen/simp/world-66579099,bbc.com
456,https://www.bbc.com/zhongwen/simp/business-66569057,bbc.com
457,https://www.bbc.com/zhongwen/simp/science-66568663,bbc.com
458,https://www.bbc.com/zhongwen/simp/world-66541099,bbc.com
459,https://www.bbc.com/zhongwen/simp/chinese-news-66552855,bbc.com
460,https://www.bbc.com/zhongwen/simp/world-66562967,bbc.com
461,https://www.bbc.com/zhongwen/simp/chinese-news-66562278,bbc.com
462,https://www.bbc.com/zhongwen/simp/world-66553487,bbc.com
463,https://www.bbc.com/zhongwen/simp/chinese-news-66551383,bbc.com
464,https://www.bbc.com/zhongwen/simp/chinese-news-66544081,bbc.com
465,https://www.bbc.com/zhongwen/simp/chinese-news-66545730,bbc.com
466,https://www.bbc.com/zhongwen/simp/chinese-news-66541314,bbc.com
467,https://www.bbc.com/zhongwen/simp/business-66541011,bbc.com
468,https://www.bbc.com/zhongwen/simp/chinese-news-66532572,bbc.com
469,https://www.bbc.com/zhongwen/simp/business-66530604,bbc.com
470,https://www.bbc.com/zhongwen/simp/sports-66531600,bbc.com
471,https://www.bbc.com/zhongwen/simp/chinese-news-66521717,bbc.com
472,https://www.bbc.com/zhongwen/simp/world-66520107,bbc.com
473,https://www.bbc.com/zhongwen/simp/chinese-news-66510329,bbc.com
474,https://www.bbc.com/zhongwen/simp/world-66518544,bbc.com
475,https://www.bbc.com/zhongwen/simp/business-66509334,bbc.com
476,https://www.bbc.com/zhongwen/simp/world-66507944,bbc.com
477,https://www.bbc.com/zhongwen/simp/chinese-news-66506966,bbc.com
478,https://www.bbc.com/zhongwen/simp/chinese-news-66506551,bbc.com
479,https://www.bbc.com/zhongwen/simp/world-66497426,bbc.com
480,https://www.bbc.com/zhongwen/simp/science-66496318,bbc.com
481,https://www.bbc.com/zhongwen/simp/chinese-news-66472252,bbc.com
482,https://www.bbc.com/zhongwen/simp/business-66491057,bbc.com
483,https://www.bbc.com/zhongwen/simp/chinese-news-66449446,bbc.com
484,https://www.bbc.com/zhongwen/simp/chinese-news-66484480,bbc.com
485,https://www.bbc.com/zhongwen/simp/chinese-news-66484863,bbc.com
486,https://www.bbc.com/zhongwen/simp/world-66460982,bbc.com
487,https://www.bbc.com/zhongwen/simp/chinese-news-66463199,bbc.com
488,https://www.bbc.com/zhongwen/simp/chinese-news-66449834,bbc.com
489,https://www.bbc.com/zhongwen/simp/business-66459321,bbc.com
490,https://www.bbc.com/zhongwen/simp/world-66452214,bbc.com
491,https://www.bbc.com/zhongwen/simp/chinese-news-66449018,bbc.com
492,https://www.bbc.com/zhongwen/simp/chinese-news-66437970,bbc.com
493,https://www.bbc.com/zhongwen/simp/chinese-news-66323606,bbc.com
494,https://www.bbc.com/zhongwen/simp/chinese-news-66312552,bbc.com
495,https://www.bbc.com/zhongwen/simp/science-66264193,bbc.com
496,https://www.bbc.com/zhongwen/simp/world-66162577,bbc.com
497,https://www.bbc.com/zhongwen/simp/chinese-news-66097059,bbc.com
498,https://www.bbc.com/zhongwen/simp/chinese-news-66094657,bbc.com
499,https://www.bbc.com/zhongwen/simp/world-66095405,bbc.com
500,https://www.bbc.com/zhongwen/simp/world-66086620,bbc.com
501,https://www.bbc.com/zhongwen/simp/world-66086606,bbc.com
502,https://www.bbc.com/zhongwen/simp/sports-66085977,bbc.com
503,https://www.bbc.com/zhongwen/simp/world-66084921,bbc.com
504,https://www.bbc.com/zhongwen/simp/world-66080242,bbc.com
505,https://www.bbc.com/zhongwen/simp/world-66074278,bbc.com
506,https://www.bbc.com/zhongwen/simp/chinese-news-66072479,bbc.com
507,https://www.bbc.com/zhongwen/simp/world-66065761,bbc.com
508,https://www.bbc.com/zhongwen/simp/world-66063739,bbc.com
509,https://www.bbc.com/zhongwen/simp/chinese-news-66063818,bbc.com
510,https://www.bbc.com/zhongwen/simp/chinese-news-66051256,bbc.com
511,https://www.bbc.com/zhongwen/simp/chinese-news-66050214,bbc.com
512,https://www.bbc.com/zhongwen/simp/chinese-news-66051070,bbc.com
513,https://www.bbc.com/zhongwen/simp/chinese-news-66039161,bbc.com
514,https://www.bbc.com/zhongwen/simp/chinese-news-66040480,bbc.com
515,https://www.bbc.com/zhongwen/simp/uk-66030122,bbc.com
516,https://www.bbc.com/zhongwen/simp/world-66028565,bbc.com
517,https://www.bbc.com/zhongwen/simp/world-66028371,bbc.com
518,https://www.bbc.com/zhongwen/simp/chinese-news-66027379,bbc.com
519,https://www.bbc.com/zhongwen/simp/world-66007382,bbc.com
520,https://www.bbc.com/zhongwen/simp/world-65995537,bbc.com
521,https://www.bbc.com/zhongwen/simp/science-66020211,bbc.com
522,https://www.bbc.com/zhongwen/simp/world-66019629,bbc.com
523,https://www.bbc.com/zhongwen/simp/world-65981944,bbc.com
524,https://www.bbc.com/zhongwen/simp/world-66012863,bbc.com
525,https://www.bbc.com/zhongwen/simp/world-66006680,bbc.com
526,https://www.bbc.com/zhongwen/simp/press-review-65995614,bbc.com
527,https://www.bbc.com/zhongwen/simp/world-65997546,bbc.com
528,https://www.bbc.com/zhongwen/simp/chinese-news-65997362,bbc.com
529,https://www.bbc.com/zhongwen/simp/chinese-news-65985203,bbc.com
530,https://www.bbc.com/zhongwen/simp/world-65985991,bbc.com
531,https://www.bbc.com/zhongwen/simp/world-65985613,bbc.com
532,https://www.bbc.com/zhongwen/simp/science-65982371,bbc.com
533,https://www.bbc.com/zhongwen/simp/world-65981589,bbc.com
534,https://www.bbc.com/zhongwen/simp/world-65975296,bbc.com
535,https://www.bbc.com/zhongwen/simp/chinese-news-65973562,bbc.com
536,https://www.bbc.com/zhongwen/simp/world-65972800,bbc.com
537,https://www.bbc.com/zhongwen/simp/world-65972126,bbc.com
538,https://www.bbc.com/zhongwen/simp/chinese-news-65970736,bbc.com
539,https://www.bbc.com/zhongwen/simp/science-65963585,bbc.com
540,https://www.bbc.com/zhongwen/simp/world-65969986,bbc.com
541,https://www.bbc.com/zhongwen/simp/business-65958945,bbc.com
542,https://www.bbc.com/zhongwen/simp/chinese-news-65877454,bbc.com
543,https://www.bbc.com/zhongwen/simp/chinese-news-65950568,bbc.com
544,https://www.bbc.com/zhongwen/simp/chinese-news-65950066,bbc.com
545,https://www.bbc.com/zhongwen/simp/world-65947436,bbc.com
546,https://www.bbc.com/zhongwen/simp/world-65943004,bbc.com
547,https://www.bbc.com/zhongwen/simp/chinese-news-65926522,bbc.com
548,https://www.bbc.com/zhongwen/simp/chinese-news-65915336,bbc.com
549,https://www.bbc.com/zhongwen/simp/chinese-news-65915282,bbc.com
550,https://www.bbc.com/zhongwen/simp/world-65912553,bbc.com
551,https://www.bbc.com/zhongwen/simp/world-65911919,bbc.com
552,https://www.bbc.com/zhongwen/simp/chinese-news-65904101,bbc.com
553,https://www.bbc.com/zhongwen/simp/chinese-news-65902613,bbc.com
554,https://www.bbc.com/zhongwen/simp/world-65900481,bbc.com
555,https://www.bbc.com/zhongwen/simp/chinese-news-65888554,bbc.com
556,https://www.bbc.com/zhongwen/simp/uk-65886858,bbc.com
557,https://www.bbc.com/zhongwen/simp/chinese-news-65887170,bbc.com
558,https://www.bbc.com/zhongwen/simp/world-65886869,bbc.com
559,https://www.bbc.com/zhongwen/simp/science-65854500,bbc.com
560,https://www.bbc.com/zhongwen/simp/world-65875010,bbc.com
561,https://www.bbc.com/zhongwen/simp/chinese-news-65857150,bbc.com
562,https://www.bbc.com/zhongwen/simp/chinese-news-65854024,bbc.com
563,https://www.bbc.com/zhongwen/simp/chinese-news-65853730,bbc.com
564,https://www.bbc.com/zhongwen/simp/chinese-news-65842285,bbc.com
565,https://www.bbc.com/zhongwen/simp/chinese-news-65853310,bbc.com
566,https://www.bbc.com/zhongwen/simp/chinese-news-65841963,bbc.com
567,https://www.bbc.com/zhongwen/simp/business-65841176,bbc.com
568,https://www.bbc.com/zhongwen/simp/world-65840998,bbc.com
569,https://www.bbc.com/zhongwen/simp/chinese-news-65832385,bbc.com
570,https://www.bbc.com/zhongwen/simp/sports-65830336,bbc.com
571,https://www.bbc.com/zhongwen/simp/chinese-news-65818510,bbc.com
572,https://www.bbc.com/zhongwen/simp/business-65787318,bbc.com
573,https://www.bbc.com/zhongwen/simp/science-65775471,bbc.com
574,https://www.bbc.com/zhongwen/simp/world-65774317,bbc.com
575,https://www.bbc.com/zhongwen/simp/science-65752703,bbc.com
576,https://www.bbc.com/zhongwen/simp/chinese-news-65745337,bbc.com
577,https://www.bbc.com/zhongwen/simp/world-65718211,bbc.com
578,https://www.bbc.com/zhongwen/simp/chinese-news-65704962,bbc.com
579,https://www.bbc.com/zhongwen/simp/world-65705268,bbc.com
580,https://www.bbc.com/zhongwen/simp/world-65706405,bbc.com
581,https://www.bbc.com/zhongwen/simp/chinese-news-65704881,bbc.com
582,https://www.bbc.com/zhongwen/simp/business-65680773,bbc.com
583,https://www.bbc.com/zhongwen/simp/chinese-news-65687574,bbc.com
584,https://www.bbc.com/zhongwen/simp/chinese-news-65595495,bbc.com
585,https://www.bbc.com/zhongwen/simp/world-65644452,bbc.com
586,https://www.bbc.com/zhongwen/simp/chinese-news-65630250,bbc.com
587,https://www.bbc.com/zhongwen/simp/world-65632738,bbc.com
588,https://www.bbc.com/zhongwen/simp/world-65630698,bbc.com
589,https://www.bbc.com/zhongwen/simp/world-65625571,bbc.com
590,https://www.bbc.com/zhongwen/simp/world-65621753,bbc.com
591,https://www.bbc.com/zhongwen/simp/world-65608208,bbc.com
592,https://www.bbc.com/zhongwen/simp/world-65619009,bbc.com
593,https://www.bbc.com/zhongwen/simp/chinese-news-65618692,bbc.com
594,https://www.bbc.com/zhongwen/simp/world-65618474,bbc.com
595,https://www.bbc.com/zhongwen/simp/chinese-news-65589375,bbc.com
596,https://www.bbc.com/zhongwen/simp/world-65607659,bbc.com
597,https://www.bbc.com/zhongwen/simp/chinese-news-65608207,bbc.com
598,https://www.bbc.com/zhongwen/simp/world-65606880,bbc.com
599,https://www.bbc.com/zhongwen/simp/chinese-news-65569753,bbc.com
600,https://www.bbc.com/zhongwen/simp/world-65595808,bbc.com
601,https://www.bbc.com/zhongwen/simp/business-65579069,bbc.com
602,https://www.bbc.com/zhongwen/simp/world-65588074,bbc.com
603,https://www.bbc.com/zhongwen/simp/world-65581611,bbc.com
604,https://www.bbc.com/zhongwen/simp/press-review-65569409,bbc.com
605,https://www.bbc.com/zhongwen/simp/world-65554526,bbc.com
606,https://www.bbc.com/zhongwen/simp/chinese-news-65532025,bbc.com
607,https://www.bbc.com/zhongwen/simp/chinese-news-65554858,bbc.com
608,https://www.bbc.com/zhongwen/simp/world-65554522,bbc.com
609,https://www.bbc.com/zhongwen/simp/business-65555202,bbc.com
610,https://www.bbc.com/zhongwen/simp/world-65545602,bbc.com
611,https://www.bbc.com/zhongwen/simp/world-65541508,bbc.com
612,https://www.bbc.com/zhongwen/simp/chinese-news-65069676,bbc.com
613,https://www.bbc.com/zhongwen/simp/world-65543286,bbc.com
614,https://www.bbc.com/zhongwen/simp/world-65530140,bbc.com
615,https://www.bbc.com/zhongwen/simp/chinese-news-65531604,bbc.com
616,https://www.bbc.com/zhongwen/simp/world-65529900,bbc.com
617,https://www.bbc.com/zhongwen/simp/world-65529713,bbc.com
618,https://www.bbc.com/zhongwen/simp/world-65523637,bbc.com
619,https://www.bbc.com/zhongwen/simp/chinese-news-65524996,bbc.com
620,https://www.bbc.com/zhongwen/simp/chinese-news-65523008,bbc.com
621,https://www.bbc.com/zhongwen/simp/world-65522913,bbc.com
622,https://www.bbc.com/zhongwen/simp/business-65501034,bbc.com
623,https://www.bbc.com/zhongwen/simp/chinese-news-65496818,bbc.com
624,https://www.bbc.com/zhongwen/simp/chinese-news-65494174,bbc.com
625,https://www.bbc.com/zhongwen/simp/world-65479776,bbc.com
626,https://www.bbc.com/zhongwen/simp/business-65480676,bbc.com
627,https://www.bbc.com/zhongwen/simp/world-65479730,bbc.com
628,https://www.bbc.com/zhongwen/simp/chinese-news-65447464,bbc.com
629,https://www.bbc.com/zhongwen/simp/chinese-news-65465938,bbc.com
630,https://www.bbc.com/zhongwen/simp/world-65467732,bbc.com
631,https://www.bbc.com/zhongwen/simp/science-65467352,bbc.com
632,https://www.bbc.com/zhongwen/simp/world-65455645,bbc.com
633,https://www.bbc.com/zhongwen/simp/chinese-news-65455696,bbc.com
634,https://www.bbc.com/zhongwen/simp/world-65457129,bbc.com
635,https://www.bbc.com/zhongwen/simp/chinese-news-65455400,bbc.com
636,https://www.bbc.com/zhongwen/simp/world-65454560,bbc.com
637,https://www.bbc.com/zhongwen/simp/world-65447463,bbc.com
638,https://www.bbc.com/zhongwen/simp/uk-65413586,bbc.com
639,https://www.bbc.com/zhongwen/simp/world-65441470,bbc.com
640,https://www.bbc.com/zhongwen/simp/chinese-news-65435478,bbc.com
641,https://www.bbc.com/zhongwen/simp/world-65421317,bbc.com
642,https://www.bbc.com/zhongwen/simp/world-65413607,bbc.com
643,https://www.bbc.com/zhongwen/simp/world-65410943,bbc.com
644,https://www.bbc.com/zhongwen/simp/world-65408177,bbc.com
645,https://www.bbc.com/zhongwen/simp/world-65291817,bbc.com
646,https://www.bbc.com/zhongwen/simp/chinese-news-65399006,bbc.com
647,https://www.bbc.com/zhongwen/simp/world-65382727,bbc.com
648,https://www.bbc.com/zhongwen/simp/chinese-news-65374285,bbc.com
649,https://www.bbc.com/zhongwen/simp/world-65358840,bbc.com
650,https://www.bbc.com/zhongwen/simp/world-65345018,bbc.com
651,https://www.bbc.com/zhongwen/simp/chinese-news-65338390,bbc.com
652,https://www.bbc.com/zhongwen/simp/uk-65320264,bbc.com
653,https://www.bbc.com/zhongwen/simp/business-65301208,bbc.com
654,https://www.bbc.com/zhongwen/simp/world-65286148,bbc.com
655,https://www.bbc.com/zhongwen/simp/chinese-news-65277246,bbc.com
656,https://www.bbc.com/zhongwen/simp/chinese-news-65274804,bbc.com
657,https://www.bbc.com/zhongwen/simp/65237968,bbc.com
658,https://www.bbc.com/zhongwen/simp/world-65211516,bbc.com
659,https://www.bbc.com/zhongwen/simp/world-65218964,bbc.com
660,https://www.bbc.com/zhongwen/simp/world-65201683,bbc.com
661,https://www.bbc.com/zhongwen/simp/chinese-news-65185922,bbc.com
662,https://www.bbc.com/zhongwen/simp/chinese-news-65185810,bbc.com
663,https://www.bbc.com/zhongwen/simp/chinese-news-65163723,bbc.com
664,https://www.bbc.com/zhongwen/simp/chinese-news-65079451,bbc.com
665,https://www.bbc.com/zhongwen/simp/business-65135627,bbc.com
666,https://www.bbc.com/zhongwen/simp/business-65073842,bbc.com
667,https://www.bbc.com/zhongwen/simp/chinese-news-65020729,bbc.com
668,https://www.bbc.com/zhongwen/simp/world-64991992,bbc.com
669,https://www.bbc.com/zhongwen/simp/chinese-news-64939596,bbc.com
670,https://www.bbc.com/zhongwen/simp/science-64898311,bbc.com
671,https://www.bbc.com/zhongwen/simp/world-64891644,bbc.com
672,https://www.bbc.com/zhongwen/simp/world-64734106,bbc.com
673,https://www.bbc.com/zhongwen/simp/chinese-news-64814732,bbc.com
674,https://www.bbc.com/zhongwen/simp/chinese-news-64800061,bbc.com
675,https://www.bbc.com/zhongwen/simp/64801649,bbc.com
676,https://www.bbc.com/zhongwen/simp/business-64809136,bbc.com
677,https://www.bbc.com/zhongwen/simp/world-64807703,bbc.com
678,https://www.bbc.com/zhongwen/simp/chinese-news-64798127,bbc.com
679,https://www.bbc.com/zhongwen/simp/chinese-news-64784193,bbc.com
680,https://www.bbc.com/zhongwen/simp/chinese-news-64796838,bbc.com
681,https://www.bbc.com/zhongwen/simp/chinese-news-64797085,bbc.com
682,https://www.bbc.com/zhongwen/simp/chinese-news-64795292,bbc.com
683,https://www.bbc.com/zhongwen/simp/uk-64734104,bbc.com
684,https://www.bbc.com/zhongwen/simp/world-64779290,bbc.com
685,https://www.bbc.com/zhongwen/simp/chinese-news-64784594,bbc.com
686,https://www.bbc.com/zhongwen/simp/chinese-news-64782210,bbc.com
687,https://www.bbc.com/zhongwen/simp/chinese-news-64704272,bbc.com
688,https://www.bbc.com/zhongwen/simp/world-64776085,bbc.com
689,https://www.bbc.com/zhongwen/simp/world-64756225,bbc.com
690,https://www.bbc.com/zhongwen/simp/press-review-64754932,bbc.com
691,https://www.bbc.com/zhongwen/simp/world-64756224,bbc.com
692,https://www.bbc.com/zhongwen/simp/world-64734538,bbc.com
693,https://www.bbc.com/zhongwen/simp/world-64746068,bbc.com
694,https://www.bbc.com/zhongwen/simp/world-64743763,bbc.com
695,https://www.bbc.com/zhongwen/simp/world-64732710,bbc.com
696,https://www.bbc.com/zhongwen/simp/business-64730192,bbc.com
697,https://www.bbc.com/zhongwen/simp/business-64734537,bbc.com
698,https://www.bbc.com/zhongwen/simp/64734536,bbc.com
699,https://www.bbc.com/zhongwen/simp/chinese-news-64740954,bbc.com
700,https://www.bbc.com/zhongwen/simp/world-64740631,bbc.com
701,https://www.bbc.com/zhongwen/simp/science-64709573,bbc.com
702,https://www.bbc.com/zhongwen/simp/world-64700488,bbc.com
703,https://www.bbc.com/zhongwen/simp/64709413,bbc.com
704,https://www.bbc.com/zhongwen/simp/business-64728504,bbc.com
705,https://www.bbc.com/zhongwen/simp/world-64728993,bbc.com
706,https://www.bbc.com/zhongwen/simp/world-64554027,bbc.com
707,https://www.bbc.com/zhongwen/simp/chinese-news-64717327,bbc.com
708,https://www.bbc.com/zhongwen/simp/world-64688269,bbc.com
709,https://www.bbc.com/zhongwen/simp/chinese-news-64705914,bbc.com
710,https://www.bbc.com/zhongwen/simp/world-64701792,bbc.com
711,https://www.bbc.com/zhongwen/simp/chinese-news-64608942,bbc.com
712,https://www.bbc.com/zhongwen/simp/chinese-news-64688268,bbc.com
713,https://www.bbc.com/zhongwen/simp/chinese-news-64661329,bbc.com
714,https://www.bbc.com/zhongwen/simp/world-64663050,bbc.com
715,https://www.bbc.com/zhongwen/simp/world-64661770,bbc.com
716,https://www.bbc.com/zhongwen/simp/world-64650674,bbc.com
717,https://www.bbc.com/zhongwen/simp/science-64638824,bbc.com
718,https://www.bbc.com/zhongwen/simp/chinese-news-64658877,bbc.com
719,https://www.bbc.com/zhongwen/simp/world-64640081,bbc.com
720,https://www.bbc.com/zhongwen/simp/chinese-news-64635752,bbc.com
721,https://www.bbc.com/zhongwen/simp/chinese-news-64625745,bbc.com
722,https://www.bbc.com/zhongwen/simp/chinese-news-64620851,bbc.com
723,https://www.bbc.com/zhongwen/simp/world-64609096,bbc.com
724,https://www.bbc.com/zhongwen/simp/business-64579732,bbc.com
725,https://www.bbc.com/zhongwen/simp/world-64552467,bbc.com
726,https://www.bbc.com/zhongwen/simp/science-64571329,bbc.com
727,https://www.bbc.com/zhongwen/simp/world-64554025,bbc.com
728,https://www.bbc.com/zhongwen/simp/chinese-news-64553129,bbc.com
729,https://www.bbc.com/zhongwen/simp/chinese-news-64552019,bbc.com
730,https://www.bbc.com/zhongwen/simp/world-64541104,bbc.com
731,https://www.bbc.com/zhongwen/simp/chinese-news-64536902,bbc.com
732,https://www.bbc.com/zhongwen/simp/chinese-news-64427247,bbc.com
733,https://www.bbc.com/zhongwen/simp/chinese-news-64481997,bbc.com
734,https://www.bbc.com/zhongwen/simp/world-64481922,bbc.com
735,https://www.bbc.com/zhongwen/simp/chinese-news-64480668,bbc.com
736,https://www.bbc.com/zhongwen/simp/world-64450379,bbc.com
737,https://www.bbc.com/zhongwen/simp/world-64443330,bbc.com
738,https://www.bbc.com/zhongwen/simp/world-64411177,bbc.com
739,https://www.bbc.com/zhongwen/simp/chinese-news-64389487,bbc.com
740,https://www.bbc.com/zhongwen/simp/world-64374672,bbc.com
741,https://www.bbc.com/zhongwen/simp/world-64339160,bbc.com
742,https://www.bbc.com/zhongwen/simp/chinese-news-64386206,bbc.com
743,https://www.bbc.com/zhongwen/simp/uk-64383586,bbc.com
744,https://www.bbc.com/zhongwen/simp/world-64382793,bbc.com
745,https://www.bbc.com/zhongwen/simp/chinese-news-64382674,bbc.com
746,https://www.bbc.com/zhongwen/simp/world-64382410,bbc.com
747,https://www.bbc.com/zhongwen/simp/world-64369652,bbc.com
748,https://www.bbc.com/zhongwen/simp/chinese-news-64370718,bbc.com
749,https://www.bbc.com/zhongwen/simp/chinese-news-64363479,bbc.com
750,https://www.bbc.com/zhongwen/simp/science-64336894,bbc.com
751,https://www.bbc.com/zhongwen/simp/chinese-news-64363713,bbc.com
752,https://www.bbc.com/zhongwen/simp/world-64358456,bbc.com
753,https://www.bbc.com/zhongwen/simp/chinese-news-64343144,bbc.com
754,https://www.bbc.com/zhongwen/simp/business-64344491,bbc.com
755,https://www.bbc.com/zhongwen/simp/chinese-news-64347631,bbc.com
756,https://www.bbc.com/zhongwen/simp/chinese-news-64343177,bbc.com
757,https://www.bbc.com/zhongwen/simp/business-64342845,bbc.com
758,https://www.bbc.com/zhongwen/simp/world-64342039,bbc.com
759,https://www.bbc.com/zhongwen/simp/chinese-news-64342271,bbc.com
760,https://www.bbc.com/zhongwen/simp/chinese-news-64316121,bbc.com
761,https://www.bbc.com/zhongwen/simp/chinese-news-64327239,bbc.com
762,https://www.bbc.com/zhongwen/simp/world-64329860,bbc.com
763,https://www.bbc.com/zhongwen/simp/chinese-news-64327889,bbc.com
764,https://www.bbc.com/zhongwen/simp/chinese-news-64222835,bbc.com
765,https://www.bbc.com/zhongwen/simp/chinese-news-64259063,bbc.com
766,https://www.bbc.com/zhongwen/simp/science-64305870,bbc.com
767,https://www.bbc.com/zhongwen/simp/chinese-news-64303982,bbc.com
768,https://www.bbc.com/zhongwen/simp/chinese-news-64317273,bbc.com
769,https://www.bbc.com/zhongwen/simp/world-64314486,bbc.com
770,https://www.bbc.com/zhongwen/simp/chinese-news-64277848,bbc.com
771,https://www.bbc.com/zhongwen/simp/chinese-news-64260085,bbc.com
772,https://www.bbc.com/zhongwen/simp/world-64294581,bbc.com
773,https://www.bbc.com/zhongwen/simp/world-64303930,bbc.com
774,https://www.bbc.com/zhongwen/simp/chinese-news-64303950,bbc.com
775,https://www.bbc.com/zhongwen/simp/chinese-news-64301818,bbc.com
776,https://www.bbc.com/zhongwen/simp/world-64300562,bbc.com
777,https://www.bbc.com/zhongwen/simp/world-64300462,bbc.com
778,https://www.bbc.com/zhongwen/simp/science-64249767,bbc.com
779,https://www.bbc.com/zhongwen/simp/world-64288869,bbc.com
780,https://www.bbc.com/zhongwen/simp/world-64287755,bbc.com
781,https://www.bbc.com/zhongwen/simp/world-64287031,bbc.com
782,https://www.bbc.com/zhongwen/simp/chinese-news-64261592,bbc.com
783,https://www.bbc.com/zhongwen/simp/science-64261312,bbc.com
784,https://www.bbc.com/zhongwen/simp/world-64209500,bbc.com
785,https://www.bbc.com/zhongwen/simp/world-64280940,bbc.com
786,https://www.bbc.com/zhongwen/simp/chinese-news-64280790,bbc.com
787,https://www.bbc.com/zhongwen/simp/science-64214429,bbc.com
788,https://www.bbc.com/zhongwen/simp/world-64239386,bbc.com
789,https://www.bbc.com/zhongwen/simp/chinese-news-64273974,bbc.com
790,https://www.bbc.com/zhongwen/simp/chinese-news-64267425,bbc.com
791,https://www.bbc.com/zhongwen/simp/world-64264333,bbc.com
792,https://www.bbc.com/zhongwen/simp/chinese-news-64260401,bbc.com
793,https://www.bbc.com/zhongwen/simp/chinese-news-64248228,bbc.com
794,https://www.bbc.com/zhongwen/simp/world-64232823,bbc.com
795,https://www.bbc.com/zhongwen/simp/world-64239389,bbc.com
796,https://www.bbc.com/zhongwen/simp/chinese-news-64249613,bbc.com
797,https://www.bbc.com/zhongwen/simp/world-64245910,bbc.com
798,https://www.bbc.com/zhongwen/simp/chinese-news-64245430,bbc.com
799,https://www.bbc.com/zhongwen/simp/science-64215617,bbc.com
800,https://www.bbc.com/zhongwen/simp/uk-64236260,bbc.com
801,https://www.bbc.com/zhongwen/simp/chinese-news-64233399,bbc.com
802,https://www.bbc.com/zhongwen/simp/world-64234948,bbc.com
803,https://www.bbc.com/zhongwen/simp/business-64221505,bbc.com
804,https://www.bbc.com/zhongwen/simp/64224334,bbc.com
805,https://www.bbc.com/zhongwen/simp/business-64209493,bbc.com
806,https://www.bbc.com/zhongwen/simp/world-64208079,bbc.com
807,https://www.bbc.com/zhongwen/simp/uk-64219664,bbc.com
808,https://www.bbc.com/zhongwen/simp/world-64219617,bbc.com
809,https://www.bbc.com/zhongwen/simp/science-64211575,bbc.com
810,https://www.bbc.com/zhongwen/simp/science-64173358,bbc.com
811,https://www.bbc.com/zhongwen/simp/chinese-news-64209883,bbc.com
812,https://www.bbc.com/zhongwen/simp/chinese-news-64207669,bbc.com
813,https://www.bbc.com/zhongwen/simp/science-64145269,bbc.com
814,https://www.bbc.com/zhongwen/simp/science-64177368,bbc.com
815,https://www.bbc.com/zhongwen/simp/chinese-news-64201701,bbc.com
816,https://www.bbc.com/zhongwen/simp/science-64153995,bbc.com
817,https://www.bbc.com/zhongwen/simp/chinese-news-64185142,bbc.com
818,https://www.bbc.com/zhongwen/simp/world-64187090,bbc.com
819,https://www.bbc.com/zhongwen/simp/chinese-news-64185146,bbc.com
820,https://www.bbc.com/zhongwen/simp/chinese-news-64186008,bbc.com
821,https://www.bbc.com/zhongwen/simp/uk-64184057,bbc.com
822,https://www.bbc.com/zhongwen/simp/business-64173650,bbc.com
823,https://www.bbc.com/zhongwen/simp/world-64174170,bbc.com
824,https://www.bbc.com/zhongwen/simp/chinese-news-64171949,bbc.com
825,https://www.bbc.com/zhongwen/simp/science-64172149,bbc.com
826,https://www.bbc.com/zhongwen/simp/world-64171441,bbc.com
827,https://www.bbc.com/zhongwen/simp/chinese-news-64162131,bbc.com
828,https://www.bbc.com/zhongwen/simp/world-64143235,bbc.com
829,https://www.bbc.com/zhongwen/simp/chinese-news-64143732,bbc.com
830,https://www.bbc.com/zhongwen/simp/chinese-news-64144246,bbc.com
831,https://www.bbc.com/zhongwen/simp/chinese-news-64107281,bbc.com
832,https://www.bbc.com/zhongwen/simp/world-64106548,bbc.com
833,https://www.bbc.com/zhongwen/simp/world-64106714,bbc.com
834,https://www.bbc.com/zhongwen/simp/science-64101354,bbc.com
835,https://www.bbc.com/zhongwen/simp/world-64100994,bbc.com
836,https://www.bbc.com/zhongwen/simp/chinese-news-64102726,bbc.com
837,https://www.bbc.com/zhongwen/simp/chinese-news-64101484,bbc.com
838,https://www.bbc.com/zhongwen/simp/chinese-news-64100867,bbc.com
839,https://www.bbc.com/zhongwen/simp/world-64100206,bbc.com
840,https://www.bbc.com/zhongwen/simp/world-64100701,bbc.com
841,https://www.bbc.com/zhongwen/simp/chinese-news-64100401,bbc.com
842,https://www.bbc.com/zhongwen/simp/world-64091189,bbc.com
843,https://www.bbc.com/zhongwen/simp/world-64074336,bbc.com
844,https://www.bbc.com/zhongwen/simp/world-64089369,bbc.com
845,https://www.bbc.com/zhongwen/simp/64076944,bbc.com
846,https://www.bbc.com/zhongwen/simp/press-review-64085915,bbc.com
847,https://www.bbc.com/zhongwen/simp/world-64084437,bbc.com
848,https://www.bbc.com/zhongwen/simp/chinese-news-64074882,bbc.com
849,https://www.bbc.com/zhongwen/simp/chinese-news-64079838,bbc.com
850,https://www.bbc.com/zhongwen/simp/chinese-news-64075240,bbc.com
851,https://www.bbc.com/zhongwen/simp/world-64073491,bbc.com
852,https://www.bbc.com/zhongwen/simp/world-64063794,bbc.com
853,https://www.bbc.com/zhongwen/simp/chinese-news-64062953,bbc.com
854,https://www.bbc.com/zhongwen/simp/world-64062951,bbc.com
855,https://www.bbc.com/zhongwen/simp/science-64018351,bbc.com
856,https://www.bbc.com/zhongwen/simp/chinese-news-64048418,bbc.com
857,https://www.bbc.com/zhongwen/simp/world-64049759,bbc.com
858,https://www.bbc.com/zhongwen/simp/chinese-news-64048685,bbc.com
859,https://www.bbc.com/zhongwen/simp/chinese-news-64048472,bbc.com
860,https://www.bbc.com/zhongwen/simp/chinese-news-64039860,bbc.com
861,https://www.bbc.com/zhongwen/simp/chinese-news-64037114,bbc.com
862,https://www.bbc.com/zhongwen/simp/world-64035769,bbc.com
863,https://www.bbc.com/zhongwen/simp/world-64035823,bbc.com
864,https://www.bbc.com/zhongwen/simp/world-64035821,bbc.com
865,https://www.bbc.com/zhongwen/simp/sports-64023516,bbc.com
866,https://www.bbc.com/zhongwen/simp/chinese-news-63983822,bbc.com
867,https://www.bbc.com/zhongwen/simp/uk-64010735,bbc.com
868,https://www.bbc.com/zhongwen/simp/world-64016054,bbc.com
869,https://www.bbc.com/zhongwen/simp/world-64015858,bbc.com
870,https://www.bbc.com/zhongwen/simp/world-63988189,bbc.com
871,https://www.bbc.com/zhongwen/simp/world-63797864,bbc.com
872,https://www.bbc.com/zhongwen/simp/world-64010198,bbc.com
873,https://www.bbc.com/zhongwen/simp/chinese-news-63998388,bbc.com
874,https://www.bbc.com/zhongwen/simp/chinese-news-63998788,bbc.com
875,https://www.bbc.com/zhongwen/simp/science-63982517,bbc.com
876,https://www.bbc.com/zhongwen/simp/world-63970648,bbc.com
877,https://www.bbc.com/zhongwen/simp/uk-63977090,bbc.com
878,https://www.bbc.com/zhongwen/simp/world-63982176,bbc.com
879,https://www.bbc.com/zhongwen/simp/chinese-news-63982230,bbc.com
880,https://www.bbc.com/zhongwen/simp/science-63982051,bbc.com
881,https://www.bbc.com/zhongwen/simp/chinese-news-63975122,bbc.com
882,https://www.bbc.com/zhongwen/simp/business-63968240,bbc.com
883,https://www.bbc.com/zhongwen/simp/world-63969507,bbc.com
884,https://www.bbc.com/zhongwen/simp/world-63968709,bbc.com
885,https://www.bbc.com/zhongwen/simp/science-63968084,bbc.com
886,https://www.bbc.com/zhongwen/simp/chinese-news-63967700,bbc.com
887,https://www.bbc.com/zhongwen/simp/world-63955243,bbc.com
888,https://www.bbc.com/zhongwen/simp/chinese-news-63940968,bbc.com
889,https://www.bbc.com/zhongwen/simp/world-63870895,bbc.com
890,https://www.bbc.com/zhongwen/simp/chinese-news-63913234,bbc.com
891,https://www.bbc.com/zhongwen/simp/chinese-news-63834133,bbc.com
892,https://www.bbc.com/zhongwen/simp/chinese-news-63396910,bbc.com
893,https://www.bbc.com/zhongwen/simp/chinese-news-63117930,bbc.com
894,https://www.bbc.com/zhongwen/simp/science-62973314,bbc.com
895,https://www.bbc.com/zhongwen/simp/chinese-news-63004194,bbc.com
896,https://www.bbc.com/zhongwen/simp/chinese-news-63002215,bbc.com
897,https://www.bbc.com/zhongwen/simp/world-63011423,bbc.com
898,https://www.bbc.com/zhongwen/simp/science-62981372,bbc.com
899,https://www.bbc.com/zhongwen/simp/science-63010834,bbc.com
900,https://www.bbc.com/zhongwen/simp/world-63004006,bbc.com
901,https://www.bbc.com/zhongwen/simp/world-63005286,bbc.com
902,https://www.bbc.com/zhongwen/simp/chinese-news-62990549,bbc.com
903,https://www.bbc.com/zhongwen/simp/world-62997740,bbc.com
904,https://www.bbc.com/zhongwen/simp/62994583,bbc.com
905,https://www.bbc.com/zhongwen/simp/world-62980617,bbc.com
906,https://www.bbc.com/zhongwen/simp/world-62913552,bbc.com
907,https://www.bbc.com/zhongwen/simp/world-62990863,bbc.com
908,https://www.bbc.com/zhongwen/simp/world-62992567,bbc.com
909,https://www.bbc.com/zhongwen/simp/world-62990975,bbc.com
910,https://www.bbc.com/zhongwen/simp/chinese-news-62979038,bbc.com
911,https://www.bbc.com/zhongwen/simp/chinese-news-62982187,bbc.com
912,https://www.bbc.com/zhongwen/simp/business-62823121,bbc.com
913,https://www.bbc.com/zhongwen/simp/world-62969847,bbc.com
914,https://www.bbc.com/zhongwen/simp/world-62981665,bbc.com
915,https://www.bbc.com/zhongwen/simp/world-62978086,bbc.com
916,https://www.bbc.com/zhongwen/simp/world-62977762,bbc.com
917,https://www.bbc.com/zhongwen/simp/chinese-news-62977018,bbc.com
918,https://www.bbc.com/zhongwen/simp/business-62968302,bbc.com
919,https://www.bbc.com/zhongwen/simp/science-62969029,bbc.com
920,https://www.bbc.com/zhongwen/simp/science-62963450,bbc.com
921,https://www.bbc.com/zhongwen/simp/science-62927579,bbc.com
922,https://www.bbc.com/zhongwen/simp/world-62820673,bbc.com
923,https://www.bbc.com/zhongwen/simp/chinese-news-62967330,bbc.com
924,https://www.bbc.com/zhongwen/simp/uk-62969027,bbc.com
925,https://www.bbc.com/zhongwen/simp/world-62968014,bbc.com
926,https://www.bbc.com/zhongwen/simp/science-62965767,bbc.com
927,https://www.bbc.com/zhongwen/simp/chinese-news-62964471,bbc.com
928,https://www.bbc.com/zhongwen/simp/uk-62957750,bbc.com
929,https://www.bbc.com/zhongwen/simp/uk-62926918,bbc.com
930,https://www.bbc.com/zhongwen/simp/chinese-news-62954661,bbc.com
931,https://www.bbc.com/zhongwen/simp/chinese-news-62952097,bbc.com
932,https://www.bbc.com/zhongwen/simp/uk-62954347,bbc.com
933,https://www.bbc.com/zhongwen/simp/chinese-news-62951791,bbc.com
934,https://www.bbc.com/zhongwen/simp/uk-62901683,bbc.com
935,https://www.bbc.com/zhongwen/simp/uk-62926299,bbc.com
936,https://www.bbc.com/zhongwen/simp/chinese-news-62945706,bbc.com
937,https://www.bbc.com/zhongwen/simp/columns-62940201,bbc.com
938,https://www.bbc.com/zhongwen/simp/uk-62927318,bbc.com
939,https://www.bbc.com/zhongwen/simp/science-62907500,bbc.com
940,https://www.bbc.com/zhongwen/simp/uk-62926911,bbc.com
941,https://www.bbc.com/zhongwen/simp/world-62902108,bbc.com
942,https://www.bbc.com/zhongwen/simp/world-62939017,bbc.com
943,https://www.bbc.com/zhongwen/simp/science-61717785,bbc.com
944,https://www.bbc.com/zhongwen/simp/world-62912357,bbc.com
945,https://www.bbc.com/zhongwen/simp/world-62913551,bbc.com
946,https://www.bbc.com/zhongwen/simp/uk-62901166,bbc.com
947,https://www.bbc.com/zhongwen/simp/uk-62901896,bbc.com
948,https://www.bbc.com/zhongwen/simp/world-62911236,bbc.com
949,https://www.bbc.com/zhongwen/simp/chinese-news-62899419,bbc.com
950,https://www.bbc.com/zhongwen/simp/world-62911391,bbc.com
951,https://www.bbc.com/zhongwen/simp/world-62832676,bbc.com
952,https://www.bbc.com/zhongwen/simp/chinese-news-62904715,bbc.com
953,https://www.bbc.com/zhongwen/simp/uk-62888519,bbc.com
954,https://www.bbc.com/zhongwen/simp/uk-62900422,bbc.com
955,https://www.bbc.com/zhongwen/simp/world-62889667,bbc.com
956,https://www.bbc.com/zhongwen/simp/world-62898644,bbc.com
957,https://www.bbc.com/zhongwen/simp/chinese-news-62889521,bbc.com
958,https://www.bbc.com/zhongwen/simp/chinese-news-62895097,bbc.com
959,https://www.bbc.com/zhongwen/simp/world-62832977,bbc.com
960,https://www.bbc.com/zhongwen/simp/uk-62876400,bbc.com
961,https://www.bbc.com/zhongwen/simp/uk-62850761,bbc.com
962,https://www.bbc.com/zhongwen/simp/chinese-news-62885140,bbc.com
963,https://www.bbc.com/zhongwen/simp/world-62885753,bbc.com
964,https://www.bbc.com/zhongwen/simp/chinese-news-62885717,bbc.com
965,https://www.bbc.com/zhongwen/simp/chinese-news-62885137,bbc.com
966,https://www.bbc.com/zhongwen/simp/uk-62876286,bbc.com
967,https://www.bbc.com/zhongwen/simp/uk-62832674,bbc.com
968,https://www.bbc.com/zhongwen/simp/world-62875934,bbc.com
969,https://www.bbc.com/zhongwen/simp/world-62875182,bbc.com
970,https://www.bbc.com/zhongwen/simp/chinese-news-62830280,bbc.com
971,https://www.bbc.com/zhongwen/simp/world-62834711,bbc.com
972,https://www.bbc.com/zhongwen/simp/world-62868266,bbc.com
973,https://www.bbc.com/zhongwen/simp/uk-62866190,bbc.com
974,https://www.bbc.com/zhongwen/simp/uk-62866559,bbc.com
975,https://www.bbc.com/zhongwen/simp/chinese-news-62846808,bbc.com
976,https://www.bbc.com/zhongwen/simp/uk-62849807,bbc.com
977,https://www.bbc.com/zhongwen/simp/world-62860968,bbc.com
978,https://www.bbc.com/zhongwen/simp/uk-62849481,bbc.com
979,https://www.bbc.com/zhongwen/simp/uk-62842725,bbc.com
980,https://www.bbc.com/zhongwen/simp/world-62795167,bbc.com
981,https://www.bbc.com/zhongwen/simp/uk-62820695,bbc.com
982,https://www.bbc.com/zhongwen/simp/world-62830278,bbc.com
983,https://www.bbc.com/zhongwen/simp/chinese-news-62825369,bbc.com
984,https://www.bbc.com/zhongwen/simp/world-62477340,bbc.com
985,https://www.bbc.com/zhongwen/simp/chinese-news-62817188,bbc.com
986,https://www.bbc.com/zhongwen/simp/business-62816828,bbc.com
987,https://www.bbc.com/zhongwen/simp/uk-62808599,bbc.com
988,https://www.bbc.com/zhongwen/simp/uk-62767217,bbc.com
989,https://www.bbc.com/zhongwen/simp/science-62722996,bbc.com
990,https://www.bbc.com/zhongwen/simp/world-62739150,bbc.com
991,https://www.bbc.com/zhongwen/simp/chinese-news-62288327,bbc.com
992,https://www.bbc.com/zhongwen/simp/uk-62725949,bbc.com
993,https://www.bbc.com/zhongwen/simp/chinese-news-62736773,bbc.com
994,https://www.bbc.com/zhongwen/simp/science-62593061,bbc.com
995,https://www.bbc.com/zhongwen/simp/science-62549850,bbc.com
996,https://www.bbc.com/zhongwen/simp/science-62222174,bbc.com
997,https://www.bbc.com/zhongwen/simp/world-61810423,bbc.com
998,https://www.bbc.com/zhongwen/simp/science-61522413,bbc.com
999,https://www.bbc.com/zhongwen/simp/science-61407064,bbc.com
1000,https://www.bbc.com/zhongwen/simp/institutional-39504015,bbc.com
